{
  "baseline": {
    "jon__short": {
      "wer_mean": 0.0,
      "wer_std": 0.0,
      "wer_n": 3,
      "sim_mean": null,
      "sim_std": 0.0,
      "sim_n": 0
    },
    "jon__medium": {
      "wer_mean": 0.06666666666666667,
      "wer_std": 0.0679869268479038,
      "wer_n": 3,
      "sim_mean": null,
      "sim_std": 0.0,
      "sim_n": 0
    },
    "jon__long": {
      "wer_mean": 0.013900000000000001,
      "wer_std": 0.01965756851698602,
      "wer_n": 3,
      "sim_mean": null,
      "sim_std": 0.0,
      "sim_n": 0
    },
    "laura__short": {
      "wer_mean": 0.041666666666666664,
      "wer_std": 0.05892556509887896,
      "wer_n": 3,
      "sim_mean": null,
      "sim_std": 0.0,
      "sim_n": 0
    },
    "laura__medium": {
      "wer_mean": 0.02666666666666667,
      "wer_std": 0.018856180831641266,
      "wer_n": 3,
      "sim_mean": null,
      "sim_std": 0.0,
      "sim_n": 0
    },
    "laura__long": {
      "wer_mean": 0.041666666666666664,
      "wer_std": 0.017023970029213385,
      "wer_n": 3,
      "sim_mean": null,
      "sim_std": 0.0,
      "sim_n": 0
    },
    "gary__short": {
      "wer_mean": 0.041666666666666664,
      "wer_std": 0.05892556509887896,
      "wer_n": 3,
      "sim_mean": null,
      "sim_std": 0.0,
      "sim_n": 0
    },
    "gary__medium": {
      "wer_mean": 0.10666666666666667,
      "wer_std": 0.0679869268479038,
      "wer_n": 3,
      "sim_mean": null,
      "sim_std": 0.0,
      "sim_n": 0
    },
    "gary__long": {
      "wer_mean": 0.048633333333333334,
      "wer_std": 0.009805214032453458,
      "wer_n": 3,
      "sim_mean": null,
      "sim_std": 0.0,
      "sim_n": 0
    }
  },
  "tq_4bit": {
    "jon__short": {
      "wer_mean": 0.0,
      "wer_std": 0.0,
      "wer_n": 3,
      "sim_mean": 0.9058666666666667,
      "sim_std": 0.009569511772057948,
      "sim_n": 3
    },
    "jon__medium": {
      "wer_mean": 0.04,
      "wer_std": 0.032659863237109045,
      "wer_n": 3,
      "sim_mean": 0.8195666666666667,
      "sim_std": 0.019831680603407165,
      "sim_n": 3
    },
    "jon__long": {
      "wer_mean": 0.041666666666666664,
      "wer_std": 0.017023970029213385,
      "wer_n": 3,
      "sim_mean": 0.7657333333333334,
      "sim_std": 0.0360178042393234,
      "sim_n": 3
    },
    "laura__short": {
      "wer_mean": 0.041666666666666664,
      "wer_std": 0.05892556509887896,
      "wer_n": 3,
      "sim_mean": 0.8252666666666667,
      "sim_std": 0.03498050250576102,
      "sim_n": 3
    },
    "laura__medium": {
      "wer_mean": 0.04,
      "wer_std": 0.032659863237109045,
      "wer_n": 3,
      "sim_mean": 0.8400666666666666,
      "sim_std": 0.056167626104565105,
      "sim_n": 3
    },
    "laura__long": {
      "wer_mean": 0.09723333333333334,
      "wer_std": 0.06439054450944037,
      "wer_n": 3,
      "sim_mean": 0.5932666666666666,
      "sim_std": 0.11814503328066266,
      "sim_n": 3
    },
    "gary__short": {
      "wer_mean": 0.041666666666666664,
      "wer_std": 0.05892556509887896,
      "wer_n": 3,
      "sim_mean": 0.8352333333333334,
      "sim_std": 0.036564311683510334,
      "sim_n": 3
    },
    "gary__medium": {
      "wer_mean": 0.06666666666666667,
      "wer_std": 0.049888765156985884,
      "wer_n": 3,
      "sim_mean": 0.5950000000000001,
      "sim_std": 0.05338283119755511,
      "sim_n": 3
    },
    "gary__long": {
      "wer_mean": 0.0347,
      "wer_std": 0.035398964203302144,
      "wer_n": 3,
      "sim_mean": 0.6576666666666667,
      "sim_std": 0.047501953176217464,
      "sim_n": 3
    }
  },
  "tq_3bit": {
    "jon__short": {
      "wer_mean": 0.0,
      "wer_std": 0.0,
      "wer_n": 3,
      "sim_mean": 0.9021333333333333,
      "sim_std": 0.0017211107524567316,
      "sim_n": 3
    },
    "jon__medium": {
      "wer_mean": 0.013333333333333334,
      "wer_std": 0.018856180831641266,
      "wer_n": 3,
      "sim_mean": 0.8016333333333333,
      "sim_std": 0.028724708682402473,
      "sim_n": 3
    },
    "jon__long": {
      "wer_mean": 0.18053333333333332,
      "wer_std": 0.11326727486593627,
      "wer_n": 3,
      "sim_mean": 0.6969333333333333,
      "sim_std": 0.06482130993911046,
      "sim_n": 3
    },
    "laura__short": {
      "wer_mean": 0.041666666666666664,
      "wer_std": 0.05892556509887896,
      "wer_n": 3,
      "sim_mean": 0.8374,
      "sim_std": 0.017199418594824628,
      "sim_n": 3
    },
    "laura__medium": {
      "wer_mean": 0.09333333333333334,
      "wer_std": 0.1319932658214889,
      "wer_n": 3,
      "sim_mean": 0.8233333333333333,
      "sim_std": 0.014583628568440105,
      "sim_n": 3
    },
    "laura__long": {
      "wer_mean": 0.09723333333333334,
      "wer_std": 0.06439054450944037,
      "wer_n": 3,
      "sim_mean": 0.6492333333333332,
      "sim_std": 0.07753417884319722,
      "sim_n": 3
    },
    "gary__short": {
      "wer_mean": 0.041666666666666664,
      "wer_std": 0.05892556509887896,
      "wer_n": 3,
      "sim_mean": 0.8077333333333333,
      "sim_std": 0.05087647349763501,
      "sim_n": 3
    },
    "gary__medium": {
      "wer_mean": 0.05333333333333334,
      "wer_std": 0.049888765156985884,
      "wer_n": 3,
      "sim_mean": 0.6163333333333333,
      "sim_std": 0.07715267691762585,
      "sim_n": 3
    },
    "gary__long": {
      "wer_mean": 0.1875,
      "wer_std": 0.18002572038461617,
      "wer_n": 3,
      "sim_mean": 0.6171666666666668,
      "sim_std": 0.043264483766197376,
      "sim_n": 3
    }
  },
  "tq_2bit": {
    "jon__short": {
      "wer_mean": 0.041666666666666664,
      "wer_std": 0.05892556509887896,
      "wer_n": 3,
      "sim_mean": 0.8888333333333334,
      "sim_std": 0.016110107248418767,
      "sim_n": 3
    },
    "jon__medium": {
      "wer_mean": 0.17333333333333334,
      "wer_std": 0.10498677165349082,
      "wer_n": 3,
      "sim_mean": 0.7778666666666667,
      "sim_std": 0.045452563795187154,
      "sim_n": 3
    },
    "jon__long": {
      "wer_mean": 0.3958333333333333,
      "wer_std": 0.09468270990817466,
      "wer_n": 3,
      "sim_mean": 0.6801666666666667,
      "sim_std": 0.03258694353401203,
      "sim_n": 3
    },
    "laura__short": {
      "wer_mean": 0.125,
      "wer_std": 0.10206207261596575,
      "wer_n": 3,
      "sim_mean": 0.8301000000000002,
      "sim_std": 0.0351212186576719,
      "sim_n": 3
    },
    "laura__medium": {
      "wer_mean": 0.06666666666666667,
      "wer_std": 0.018856180831641266,
      "wer_n": 3,
      "sim_mean": 0.8339,
      "sim_std": 0.026258078122106863,
      "sim_n": 3
    },
    "laura__long": {
      "wer_mean": 0.4930666666666667,
      "wer_std": 0.18188909319203891,
      "wer_n": 3,
      "sim_mean": 0.6583,
      "sim_std": 0.04690820823693864,
      "sim_n": 3
    },
    "gary__short": {
      "wer_mean": 0.0,
      "wer_std": 0.0,
      "wer_n": 3,
      "sim_mean": 0.7643333333333334,
      "sim_std": 0.051664322527467846,
      "sim_n": 3
    },
    "gary__medium": {
      "wer_mean": 0.26666666666666666,
      "wer_std": 0.10498677165349082,
      "wer_n": 3,
      "sim_mean": 0.5787333333333334,
      "sim_std": 0.02284123950713318,
      "sim_n": 3
    },
    "gary__long": {
      "wer_mean": 0.48613333333333336,
      "wer_std": 0.1616590307475033,
      "wer_n": 3,
      "sim_mean": 0.5593666666666667,
      "sim_std": 0.008470078052900247,
      "sim_n": 3
    }
  }
}